,peptide,replicate,precursor mz,precursor charge,product mz,product charge,fragment ion,area,background
374,DSDSGLLPR,D3_MCX_2_con_2ul_32,480.243263,2,175.118952,1,y1,221310,162459
368,DSDSGLLPR,D3_MCX_2_con_2ul_32,480.243263,2,272.171716,1,y2,42582,0
362,DSDSGLLPR,D3_MCX_2_con_2ul_32,480.243263,2,555.361307,1,y5,21411,0
356,DSDSGLLPR,D3_MCX_2_con_2ul_32,480.243263,2,642.393336,1,y6,11414,0
375,DSDSGLLPR,D4_MCX_2_con_2ul_31,480.243263,2,175.118952,1,y1,273909,127248
369,DSDSGLLPR,D4_MCX_2_con_2ul_31,480.243263,2,272.171716,1,y2,78833,0
363,DSDSGLLPR,D4_MCX_2_con_2ul_31,480.243263,2,555.361307,1,y5,25261,0
357,DSDSGLLPR,D4_MCX_2_con_2ul_31,480.243263,2,642.393336,1,y6,31003,0
376,DSDSGLLPR,D5_MCX_2_con_2ul_30,480.243263,2,175.118952,1,y1,3956216,388465
370,DSDSGLLPR,D5_MCX_2_con_2ul_30,480.243263,2,272.171716,1,y2,32962,44746
364,DSDSGLLPR,D5_MCX_2_con_2ul_30,480.243263,2,555.361307,1,y5,50549,0
358,DSDSGLLPR,D5_MCX_2_con_2ul_30,480.243263,2,642.393336,1,y6,122500,0
29,DSDSGLLPR,Peggy_SCN5A_D0_MCX_2_con_2ul_19,480.243263,2,555.361307,1,y5,4542,0
71,DSDSGLLPR,Peggy_SCN5A_D0_MCX_2_con_2ul_19,485.247398,2,565.369576,1,y5,0,0
365,DSDSGLLPR,Peggy_SCN5A_D0_MCX_2_con_2ul_19,480.243263,2,555.361307,1,y5,0,0
125,VLLEYADK,Peggy_SCN5A_D0_MCX_2_con_2ul_19,475.7633,2,625.282782,1,y5,0,0
167,VLLEYADK,Peggy_SCN5A_D0_MCX_2_con_2ul_19,479.7704,2,633.296981,1,y5,0,0
463,VLLEYADK,Peggy_SCN5A_D0_MCX_2_con_2ul_19,479.7704,2,633.296981,1,y5,25320,0
119,VLLEYADK,Peggy_SCN5A_D0_MCX_2_con_2ul_19,475.7633,2,738.366846,1,y6,330557,0
161,VLLEYADK,Peggy_SCN5A_D0_MCX_2_con_2ul_19,479.7704,2,746.381045,1,y6,2947,0
432,VLLEYADK,Peggy_SCN5A_D0_MCX_2_con_2ul_19,475.7633,2,738.366846,1,y6,0,0
460,VLLEYADK,Peggy_SCN5A_D0_MCX_2_con_2ul_19,479.7704,2,746.381045,1,y6,285179,0
665,VLLEYADK,Peggy_SCN5A_D0_MCX_2_con_2ul_19,475.7633,2,738.366846,1,y6,330592,0
705,VLLEYADK,Peggy_SCN5A_D0_MCX_2_con_2ul_19,479.7704,2,746.381045,1,y6,2948,0
1221,VLLEYADK,Peggy_SCN5A_D0_MCX_2_con_2ul_19,479.7704,2,746.381045,1,y6,0,0
113,VLLEYADK,Peggy_SCN5A_D0_MCX_2_con_2ul_19,475.7633,2,851.45091,1,y7,0,0
155,VLLEYADK,Peggy_SCN5A_D0_MCX_2_con_2ul_19,479.7704,2,859.465109,1,y7,0,0
429,VLLEYADK,Peggy_SCN5A_D0_MCX_2_con_2ul_19,475.7633,2,851.45091,1,y7,18731,0
